CNICS NAME,RECORD NAME (UCSD Epic),LOINC code,FHIR ID - UAT,FHIR ID - Prod
CIRG-PHQ9,,,,
Little interest or pleasure,PHQ9_INTEREST,44250-9,teN3kKw8NMBIF9ZU7Nd-9pQ0,tFN1y-XuXVcZBVua5Shx3hA0
Feeling down depressed or hopeless,PHQ9_DEPRESSED,44255-8,tnU0icMggWEcRhksuu4hJ3A0,tgAEmGWuKOH90pDSRw12lMw0
PHQ-2 total score,UC R FM PHQ2 TOTAL,55758-7,tcspRW.3lXOnl6nYHXrx3Rg0,tOtfy1njyE8TLwJknfz1D6Q0
Sleep problems,PHQ9_SLEEP,44259-0,tKyPjZXsY.fwUg8kQpgnrGg0,typS9O2qDI0m.HMK.UCuU9Q0
Tired or little energy,PHQ9_ENERGY,44254-1,t9ed6G2pi.iZGhA9T0KKSXQ0,tQlxHdYutrpw.q9oN8UTWIw0
Poor appetite or overeating,PHQ9_APPETITE,44251-7,tUvwUAzzAo2GM-83FWMNMBA0,tatJ03AeDkOmJkhqVq5nPuA0
Feeling bad about yourself,PHQ9_FAILURE,44258-2,t0-c.j3CMZhmoM0Qd8ZtPmA0,tjuTfQDPPGDzFJOBye4CUQA0
Trouble concentrating,PHQ9_CONCENTRATION,44252-5,tbX6Ca3KWexbQqjSTR.gb5w0,th5JnOCvgEo6wFNMYttQ1hA0
Moving or speaking slowly or restless,PHQ9_MOVEMENT,44253-3,tags.2ubhSPRHJcPwj9A-9A0,tUanlOhZVjhrnccxjKKNlPQ0
Thoughts of self-harm,PHQ9_SUICIDE,44260-8,tcfuT6l6w588Qqjcx6cXqxw0,tlj.UZxepQkWIO1YvyNgSgQ0
Functional difficulty,PHQ9_FUNCTIONAL,69723-5,tdYjwfyJvuW4IRAhjwoPFeA0,tSIy3PqqDUIyqyAVOqq9oVA0
PHQ-9 total score,PHQ9_SUMMARY_SCORE_FMLA,44261-6,tAcMJ6d9AZFqpzWcp-YjG6Q0,tWcTJEKrsz8gtUzQPsnGOmA0
CIRG-CNICS-ARV,,,,
Currently taking HIV medications,,ARV-0,,
Currently taking HIV medications (incl. pills + injectable),,ARV-1,,
Ever taken injectable HIV medications,,ARV-2,,
Reasons stopped injectable HIV medications,,ARV-3,,
Self-rated adherence past 4 weeks,,ARV-4,,
Doses missed in last 4 days,,ARV-5,,
Doses missed in last 7 days,,ARV-6,,
Missed medication last weekend,,ARV-7,,
Last time missed HIV medications,,ARV-8,,
Percent of HIV medications taken last month (slider),,ARV-9,,
Adherence Self Rating Scale (SRS) score,,ARV-SRS,,
Adherence last missed dose score,,ARV-last-missed,,
Adherence percent ART taken (VAS) score,,ARV-VAS,,
CIRG-CNICS-ASSIST,,,,
Lifetime use: cocaine/crack,,ASSIST-0,,
Lifetime use: methamphetamine,,ASSIST-1,,
Lifetime use: heroin,,ASSIST-2,,
Lifetime use: fentanyl (not prescribed),,ASSIST-3,,
Lifetime use: narcotic pain meds (non-medical),,ASSIST-4,,
Lifetime use: sedatives or sleeping pills (non-medical),,ASSIST-5,,
Lifetime use: marijuana (non-medical),,ASSIST-6,,
Lifetime use: prescription stimulants (non-medical),,ASSIST-7,,
Lifetime use: inhalants,,ASSIST-8,,
Lifetime use: psychedelics,,ASSIST-9,,
Past 3 months frequency: cocaine/crack,,ASSIST-10,,
Past 3 months frequency: methamphetamine,,ASSIST-11,,
Past 3 months frequency: heroin,,ASSIST-12,,
Past 3 months frequency: fentanyl (not prescribed),,ASSIST-13,,
Past 3 months frequency: narcotic pain meds (non-medical),,ASSIST-14,,
Past 3 months frequency: sedatives (non-medical),,ASSIST-15,,
Past 3 months frequency: marijuana (non-medical),,ASSIST-16,,
Past 3 months frequency: Rx stimulants (non-medical),,ASSIST-17,,
Past 3 months frequency: inhalants,,ASSIST-18,,
Past 3 months frequency: psychedelics,,ASSIST-19,,
Substances used in lifetime (list),,ASSIST-lifetime-score,,
Substances used in past 3 months (list),,ASSIST-3mo-score,,
CIRG-CNICS-ASSIST-OD,,,,
Ever overdosed on drugs,,ASSIST-OD-ever,,
Number of overdoses in last 6 months,,ASSIST-OD-recent,,
Has Narcan supply or prescription,,ASSIST-OD-narcan,,
CIRG-CNICS-ASSIST-Polysub,,,,
Used substances at the same time past 3 months,,ASSIST-Polysub,,
Frequency of same-time use past 3 months,,ASSIST-Polysub-freq,,
Injected any at the same time past 3 months,,ASSIST-Polysub-inject,,
Injected them at the same time past 3 months (alt wording),,ASSIST-Polysub-inject-alt,,
Frequency of same-time injection past 3 months,,ASSIST-Polysub-inject-freq,,
CIRG-CNICS-AUDIT,,,,
Drinking frequency,,AUDIT-0,,
Drinks on a typical drinking day,,AUDIT-1,,
Frequency of 4+ drinks on one occasion (not male),,AUDIT-2-not-male,,
Frequency of 5+ drinks on one occasion (male),,AUDIT-2-male,,
AUDIT-C score,,AUDIT-C-score,,
AUDIT-C score interpretation,,AUDIT-C-score-interpretation,,
Unable to stop drinking once started (past 12 months),,AUDIT-3,,
Failed expectations due to drinking (past 12 months),,AUDIT-4,,
Needed morning drink (past 12 months),,AUDIT-5,,
Guilt or remorse after drinking (past 12 months),,AUDIT-6,,
Unable to remember night before (past 12 months),,AUDIT-7,,
Injury as a result of drinking,,AUDIT-8,,
Others concerned or suggested cutting down,,AUDIT-9,,
AUDIT questionnaire complete,,AUDIT-complete,,
AUDIT total score,,AUDIT-score,,
AUDIT total score interpretation,,AUDIT-score-interpretation,,
Which AUDIT score to display,,AUDIT-qnr-to-report,,
CIRG-CNICS-EUROQOL,,,,
Mobility,,EUROQOL-0,,
Self-care,,EUROQOL-1,,
Usual activities,,EUROQOL-2,,
Pain/discomfort,,EUROQOL-3,,
Anxiety/depression,,EUROQOL-4,,
Health state today (slider),,EUROQOL-5,,
Mobility score,,EUROQOL-SCORE-MOBILITY,,
Self-care score,,EUROQOL-SCORE-SELF-CARE,,
Usual activities score,,EUROQOL-SCORE-USUAL-ACTIVITIES,,
Pain score,,EUROQOL-SCORE-PAIN,,
Anxiety/depression score,,EUROQOL-SCORE-ANXIETY-DEPRESSION,,
CIRG-CNICS-EXCHANGE-SEX,,,,
Ever exchanged sex for goods or money,,EXCHANGE-SEX-0,,
Exchanged sex in past 3 months,,EXCHANGE-SEX-1,,
Things exchanged sex for,,EXCHANGE-SEX-2,,
Things exchanged sex for (alternate item),,EXCHANGE-SEX-3,,
Exchange sex past 3 months score,,EXCHANGE-SEX-SCORE-PAST-3-MONTHS,,
CIRG-CNICS-FINANCIAL,,,,
Financial situation,,FINANCIAL-0,,
Financial situation score label,,FINANCIAL-score-label,,
Financial situation critical flag,,FINANCIAL-critical-flag,,
CIRG-CNICS-FOOD,,,,
Food did not last and no money for more,,FOOD-0,,
Could not afford balanced meals,,FOOD-1,,
Food security score,,FOOD-score,,
Food security score label,,FOOD-score-label,,
Food security critical flag,,FOOD-critical-flag,,
CIRG-CNICS-FROP-Com,,,,
Number of falls in past 12 months,,FROP-Com-0,,
Fall required physician or ED visit,,FROP-Com-1,,
Fall risk number of falls score,,FROP-Com-num-falls-text,,
Fall risk ED visit score,,FROP-Com-ed-visit-bool,,
CIRG-CNICS-HIV-STIGMA,,,,
HIV makes me feel like a bad person,,HIV-STIGMA-0,,
Having HIV is disgusting to me,,HIV-STIGMA-1,,
Ashamed of having HIV,,HIV-STIGMA-2,,
Think less of myself because of HIV,,HIV-STIGMA-3,,
HIV stigma mean score,,HIV-STIGMA-SCORE,,
HIV stigma critical flag,,HIV-STIGMA-SCORE-CRITICAL,,
CIRG-CNICS-HOUSING,,,,
Places stayed in past month,,HOUSING-0,,
Living situation in past month,,HOUSING-1,,
CIRG-CNICS-IPV4,,,,
Partner made you feel cut off trapped or controlled,,IPV4-1,,
Partner made you afraid of being hurt,,IPV4-2,,
Partner pressured or forced sexual activity,,IPV4-3,,
Partner physically hurt you,,IPV4-4,,
Physical violence score,,IPV4-physical-violence,,
Sexual violence score,,IPV4-sexual-violence,,
Physical or sexual violence critical flag,,IPV4-critical,,
CIRG-CNICS-MAPSS-SF,,,,
Feel listened to,,MAPSS-SF-0,,
People understand your problems,,MAPSS-SF-1,,
Satisfaction with relationships,,MAPSS-SF-2,,
Social support score,,MAPSS-SF-SCORE-SOCIAL-SUPPORT,,
Social support critical flag,,MAPSS-SF-SCORE-CRITICAL,,
CIRG-CNICS-MINI,,,,
3+ drinks within 3 hours on 3+ occasions,,MINI-0,,
Craving or strong urge to drink,,MINI-1,,
Tolerance (needed more for same effect),,MINI-2,,
Withdrawal symptoms or drinking to avoid them,,MINI-3,,
Drank more than planned,,MINI-4,,
Tried to reduce or stop but failed,,MINI-5,,
Substantial time obtaining drinking or recovering,,MINI-6,,
Less time on work hobbies or others due to drinking,,MINI-7,,
Kept drinking despite health or mental problems,,MINI-8,,
Intoxicated or hungover with responsibilities,,MINI-9,,
Intoxicated in physically risky situations,,MINI-10,,
Legal problems due to drinking,,MINI-11,,
Kept drinking despite problems with family or others,,MINI-12,,
MINI score,,MINI-score,,
MINI score interpretation,,MINI-score-interpretation,,
CIRG-CNICS-SEXUAL-RISK,,,,
Number of sex partners past 3 months,,SEXUAL-RISK-0,,
One partner: partner gender,,SEXUAL-RISK-1,,
One partner: partner HIV status,,SEXUAL-RISK-2,,
One partner: partner prescribed HIV medications,,SEXUAL-RISK-3,,
One partner: HIV-negative partner prescribed PrEP,,SEXUAL-RISK-4,,
One partner: wants PrEP information,,SEXUAL-RISK-5,,
One partner: gave oral sex without barrier,,SEXUAL-RISK-6,,
One partner: received oral sex without barrier,,SEXUAL-RISK-7,,
One partner: insertive anal sex without condoms,,SEXUAL-RISK-8,,
One partner: receptive anal sex without condoms,,SEXUAL-RISK-9,,
One partner: insertive vaginal sex without condoms,,SEXUAL-RISK-10,,
One partner: receptive vaginal sex without condoms,,SEXUAL-RISK-11,,
One partner: vaginal/frontal sex without barrier,,SEXUAL-RISK-12,,
One partner: anal sex without condom,,SEXUAL-RISK-13,,
One partner: oral sex without barrier,,SEXUAL-RISK-14,,
One partner: proportion receptive anal sex (slider),,SEXUAL-RISK-15,,
One partner: concerned about HIV or STI exposure,,SEXUAL-RISK-16,,
One partner: concerned about STI or HIV re-exposure,,SEXUAL-RISK-17,,
Number of male partners,,SEXUAL-RISK-18,,
Number of female partners,,SEXUAL-RISK-19,,
Number of transgender women partners,,SEXUAL-RISK-20,,
Number of transgender men partners,,SEXUAL-RISK-21,,
Number of partners of a gender not listed,,SEXUAL-RISK-22,,
Number of partners of unknown gender,,SEXUAL-RISK-23,,
Multiple partners: partners HIV statuses,,SEXUAL-RISK-24,,
Multiple partners: HIV+ partners prescribed HIV medications,,SEXUAL-RISK-25,,
Multiple partners: HIV-negative partners prescribed PrEP,,SEXUAL-RISK-26,,
Multiple partners: wants PrEP information,,SEXUAL-RISK-27,,
Multiple partners: gave oral sex without barrier,,SEXUAL-RISK-28,,
Multiple partners: received oral sex without barrier,,SEXUAL-RISK-29,,
Multiple partners: insertive anal sex without condoms,,SEXUAL-RISK-30,,
Multiple partners: receptive anal sex without condoms,,SEXUAL-RISK-31,,
Multiple partners: receptive vaginal sex without condoms,,SEXUAL-RISK-32,,
Multiple partners: insertive vaginal sex without condoms,,SEXUAL-RISK-33,,
Multiple partners: vaginal/frontal sex without barrier,,SEXUAL-RISK-34,,
Multiple partners: anal sex without condom,,SEXUAL-RISK-35,,
Multiple partners: oral sex without barrier,,SEXUAL-RISK-36,,
Multiple partners: proportion receptive anal sex (slider),,SEXUAL-RISK-37,,
Multiple partners: concerned about HIV or STI exposure,,SEXUAL-RISK-38,,
Multiple partners: concerned about STI or HIV re-exposure,,SEXUAL-RISK-39,,
Number of partners score,,SEXUAL-RISK-SCORE-NUM-PARTNERS,,
Genders of partners score,,SEXUAL-RISK-SCORE-PARTNERS-GENDERS,,
HIV-negative partners and PrEP score,,SEXUAL-RISK-SCORE-PARTNERS-HIV-NEG-PREP,,
HIV-positive partners and ARV score,,SEXUAL-RISK-SCORE-PARTNERS-HIV-POS-ARV,,
Partners with unknown HIV status score,,SEXUAL-RISK-SCORE-PARTNERS-HIV-UNKNOWN,,
Unprotected anal sex type score (stub),,SEXUAL-RISK-SCORE-UNPROTECTED-ANAL-TYPE,,
Unprotected sex of any type score,,SEXUAL-RISK-SCORE-UNPROTECTED,,
STI exposure concern critical flag,,SEXUAL-RISK-SCORE-STI-EXPOSURE,,
CIRG-CNICS-Smoking,,,,
Smoked more than 20 cigarettes in lifetime,,Smoking-0,,
Currently smokes tobacco cigarettes,,Smoking-1,,
Years smoked tobacco cigarettes,,Smoking-2,,
Packs of cigarettes per day,,Smoking-3,,
Age started smoking cigarettes,,Smoking-4,,
Cigarettes per day,,Smoking-5,,
Ever used e-cigarettes or nicotine vaping,,Smoking-6,,
Currently uses e-cigarettes or nicotine vaping,,Smoking-7,,
Years used e-cigarettes or nicotine vaping,,Smoking-8,,
Frequency of e-cigarette or vaping use past year,,Smoking-9,,
Tobacco cigarette use summary,,Smoking-Tobacco-Cigs-Summary,,
E-cigarette use summary,,E-Cigarettes-Summary,,
CIRG-CNICS-Symptoms,,,,
Fatigue or loss of energy,,Symptoms-0,,
Fever chills or sweats,,Symptoms-1,,
Dizzy or lightheaded,,Symptoms-2,,
Pain numbness or tingling in hands or feet,,Symptoms-3,,
Trouble remembering,,Symptoms-4,,
Nausea or vomiting,,Symptoms-5,,
Diarrhea or loose bowel movements,,Symptoms-6,,
Sad down or depressed,,Symptoms-7,,
Nervous or anxious,,Symptoms-8,,
Difficulty falling or staying asleep,,Symptoms-9,,
Skin problems,,Symptoms-10,,
Cough or trouble catching breath,,Symptoms-11,,
Headache,,Symptoms-12,,
Loss of appetite or change in taste,,Symptoms-13,,
Bloating pain or gas in stomach,,Symptoms-14,,
Muscle aches or joint pain,,Symptoms-15,,
Problems with having sex,,Symptoms-16,,
Body changes (fat deposits or weight gain),,Symptoms-17,,
Weight loss or wasting,,Symptoms-18,,
Hair loss or hair changes,,Symptoms-19,,
Symptoms that bother a lot (list),,Symptoms-bothers-a-lot,,
Symptoms that bother some (list),,Symptoms-bothers-some,,
CIRG-PC-PTSD-5,,,,
Ever experienced a traumatic event,,/102011-4,,
Nightmares or unwanted thoughts (past month),,/102012-2,,
Avoidance of reminders (past month),,/102013-0,,
On guard watchful or easily startled (past month),,/102014-8,,
Numb or detached (past month),,/102015-5,,
Guilt or blame (past month),,/102016-3,,
PC-PTSD-5 score,,/102017-1,,
PTSD symptoms past month score,,PC-PTSD-5-SCORE-SYMPTOMS,,
